"","Subject","angle_sum","dis_sum","hmm3_mean.1","hmm3_mean.2","hmm3_mean.3","hmm3_sd.1","hmm3_sd.2","hmm3_sd.3","hmm3_p1","hmm3_p2","hmm3_p3"
"1","C02",-44.8778491881804,0.385400944358771,1.365,-0.459,-0.093,0.786,0.123,0.121,0.15330426031533,0.608017443810802,0.238678295873868
"2","C03",-47.4200281568613,0.377626827654638,1.296,0.082,-0.483,0.793,0.171,0.148,0.284601907728246,0.360619038349231,0.354779053922523
"3","C04",-114.101395269932,0.572972783705285,5.416,2.588,0.643,1.032,0.772,0.574,0.124890905917263,0.336009774829813,0.539099319252924
"4","C05",-55.4964179246541,0.43420967184826,-0.028,-0.542,-0.335,0.121,0.077,0.049,0.377681441064355,0.369982808879587,0.252335750056058
"5","C06",-19.4504961723478,0.408324711729738,-0.544,-0.004,-0.755,0.049,0.398,0.101,0.31528384279476,0.34129063561378,0.34342552159146
"6","C07",-45.4630342700635,0.404736293827006,-0.455,1.031,-0.694,0.074,0.531,0.079,0.171851851851852,0.287946127946128,0.54020202020202
"7","C08",-43.9621638431319,0.497428150989255,-0.082,0.99,-0.585,0.158,0.564,0.162,0.228789883840612,0.270989560358771,0.500220555800618
"8","C09",-42.9706337550522,0.39695474245384,-0.267,-0.636,1.576,0.081,0.088,1.043,0.383522727272727,0.326486013986014,0.289991258741259
"9","C10",-30.8323997700174,0.514311979187018,-0.154,-0.459,-0.633,0.649,0.053,0.062,0.228373702422145,0.366069611235498,0.405556686342357
"10","C11",-98.5097004936539,0.512823843052215,0.728,-0.678,-0.295,0.595,0.093,0.14,0.266893810335037,0.427913433024166,0.305192756640798
"11","C12",-25.2106192672736,0.389257946286211,-0.544,-0.004,-0.755,0.049,0.398,0.101,0.31528384279476,0.34129063561378,0.34342552159146
"12","C13",-44.8045459476774,0.404517564298152,5.501,-0.012,1.562,1.853,0.249,0.569,0.199331848552339,0.320155902004454,0.480512249443207
"13","C15",135.447881483511,0.639860064313048,-0.627,-0.141,-0.877,0.057,0.242,0.031,0.455133839392729,0.221654015181782,0.323212145425489
"14","C17",143.886655954651,0.556661320504574,0.737,-0.012,-0.42,0.37,0.128,0.138,0.373483064662199,0.314164100706394,0.312352834631407
"15","C18",-45.6450278673841,0.401141625133397,-0.375,2.14,0.448,0.143,0.578,0.304,0.425251440289034,0.188848745239723,0.385899814471243
"16","C19",-140.480986166183,0.666382859001045,-0.677,0.073,-0.5,0.042,0.313,0.073,0.253155569580309,0.4367308299148,0.310113600504891
"17","C20",142.235969569745,0.599063726067599,-0.54,-0.101,-0.777,0.069,0.215,0.077,0.192807424593968,0.602320185614849,0.204872389791183
"18","C21",-86.0346088800356,0.485619977345711,-0.432,0.448,-0.021,0.149,0.216,0.091,0.335053023789051,0.400305722747683,0.264641253463266
"19","C22",-67.4262309696492,1.06259967400573,2.032,0.589,-0.143,1.033,0.199,0.28,0.356795495264909,0.320334132210252,0.322870372524839
"20","C23",111.353604845772,0.597510075224891,0.848,1.75,0.199,0.144,0.449,0.21,0.340495238095238,0.284495238095238,0.375009523809524
"21","C24",-114.227804086997,0.913072456800212,-0.32,0.199,-0.648,0.075,0.277,0.127,0.276925449078714,0.301184694061111,0.421889856860175
"22","C30",-90.9753599857539,0.610204771375492,-0.269,0.651,1.809,0.253,0.305,0.404,0.469342251950948,0.387959866220736,0.142697881828317
"23","C31",-115.3822845036,0.753753078190902,-0.304,2.162,0.52,0.251,1.11,0.2,0.409141583054627,0.224080267558528,0.366778149386845
"24","C32",-47.8944836261251,0.496671312246826,-0.62,1.792,0.512,0.356,0.472,0.245,0.710144927536232,0.127090301003344,0.162764771460424
"25","C33",-123.512706558823,0.614848621405815,0.108,-0.442,1.024,0.179,0.15,0.398,0.338907469342252,0.462653288740245,0.198439241917503
"26","C34",-56.8283301334302,0.762090367562925,-0.307,2.227,0.976,0.423,0.384,0.253,0.438127090301003,0.22742474916388,0.334448160535117
"27","C35",-80.1973053521656,0.634054911552202,0.27,0.919,-0.475,0.184,0.312,0.285,0.338907469342252,0.180602006688963,0.480490523968785
"28","C36",-100.059325908609,0.748072005867702,1.726,0.865,2.908,0.21,0.228,0.783,0.459308807134894,0.224080267558528,0.316610925306577
"29","C37",-60.5399658437648,0.700680985370354,-0.924,0.617,-0.392,0.149,0.523,0.144,0.297658862876254,0.372352285395764,0.329988851727982
"30","C38",-113.546651793537,0.678189337209095,0.022,0.66,-0.517,0.151,0.269,0.127,0.289855072463768,0.459308807134894,0.250836120401338
"31","C41",124.589816522071,0.699781180663874,-0.395,0.499,1.775,0.309,0.232,0.619,0.230769230769231,0.38015607580825,0.389074693422519
"32","C42",-129.008558122112,0.53986703783218,-0.862,-0.344,0.33,0.206,0.158,0.239,0.375696767001115,0.374581939799331,0.249721293199554
"33","C43",178.410535894793,0.654557615727787,-0.266,-1.289,-0.953,0.385,0.141,0.1,0.511705685618729,0.235228539576366,0.253065774804905
"34","C46",-132.927281441632,0.612118649153392,-0.056,-0.057,1.04,0.372,0.071,0.39,0.450390189520624,0.284280936454849,0.265328874024526
"35","C47",-113.711798822237,0.748812202967471,-1.148,-0.825,-0.381,0.133,0.064,0.19,0.351170568561873,0.197324414715719,0.451505016722408
"36","C48",-90.8039692514406,0.700428248344864,-0.803,-1.123,-0.335,0.079,0.098,0.245,0.404682274247492,0.260869565217391,0.334448160535117
"37","C49",125.372410994469,0.616964775114529,-0.678,0.326,-0.23,0.128,0.467,0.126,0.276514595863283,0.331181849298323,0.392303554838394
"38","C51",7.105427357601e-15,0.478890766653544,1.003,-0.158,-0.588,0.688,0.141,0.13,0.299888517279822,0.250836120401338,0.449275362318841
"39","C52",-44.942155017063,0.708705110916161,0.413,-0.605,3.03,0.362,0.237,1.911,0.416945373467113,0.307692307692308,0.27536231884058
"40","C57",136.363935244214,1.49909940556343,-0.727,-0.887,-0.413,0.049,0.046,0.19,0.338168879156973,0.417772911819716,0.244058209023311
"41","C58",-107.354796536071,0.574038321671637,-0.865,0.02,-0.599,0.068,0.397,0.049,0.163758389261745,0.408351976137211,0.427889634601044
"42","C60",-46.4957580203456,0.388342243192973,-0.23,-0.837,-0.598,0.18,0.069,0.065,0.23259511641113,0.458716638273708,0.308688245315162
